Ticker,Sector,ROIC,Volatility,Dividend_Yield,Price_CAGR,TotalRevenue,EV_EBITDA,Cluster
MMM,Industrials,0.4207456553573274,0.3031747845094011,1.81,0.2107678732511848,24575000000.0,12.74501093611827,0
AOS,Industrials,0.2895302743903421,0.2553425806207654,2.02,0.0874531990635612,3818100000.0,12.135190296249206,0
ABT,Health Care,0.1375002269879605,0.2005548359073389,2.01,0.0759072571761751,41950000000.0,20.678373949212236,0
ABBV,Health Care,0.100454230502733,0.2320195337636687,3.11,0.1554677173046248,56334000000.0,30.652558577062376,0
ACN,Information Technology,0.2869828002763782,0.2521256626233209,2.42,0.0345392571372664,69672977000.0,13.963514510294774,0
ADBE,Information Technology,0.4539026637495598,0.3328134422611579,0.0,0.0268144943880834,21505000000.0,18.653483594319468,0
AMD,Information Technology,0.0300462035237705,0.5225889943564316,0.0,0.4623176834703015,25785000000.0,61.61297615214911,1
AES,Utilities,0.0713596455872343,0.4091085693201335,5.14,-0.1795292256932004,12278000000.0,12.776232406258575,0
A,Health Care,0.1721770325383071,0.2821571145545204,0.75,-0.0162745603699224,6510000000.0,21.51288486659552,0
APD,Materials,-0.0056434101937023,0.2683228336598584,2.94,-0.0575389714181283,12037300000.0,54.68595783775701,0
ABNB,Consumer Discretionary,0.5282467117924765,0.3802400982812962,0.0,0.1602869539288696,11102000000.0,27.440336867838045,0
AKAM,Information Technology,0.058724586533701,0.3266433727199966,0.0,0.0172958330057477,3991168000.0,13.340541321463082,0
ALB,Materials,-0.1290440361321944,0.5587756074516262,1.15,-0.1434915236977687,5377526000.0,-20.676773273320865,0
ALGN,Health Care,0.1587836130442405,0.4931696032572079,0.0,-0.0672309749460571,3999012000.0,13.099935700136388,0
ALLE,Industrials,0.2285121462679466,0.2418000587291185,1.28,0.1676823964883984,3772200000.0,17.085485644705372,0
LNT,Utilities,0.0591494027352992,0.1864849712013873,3.09,0.1032945946370547,3981000000.0,15.611494855870896,0
GOOGL,Communication Services,0.306781976558428,0.3036003206652837,0.28,0.5128978851842456,350018000000.0,26.55570957507718,0
GOOG,Communication Services,0.306781976558428,0.301848596670216,0.28,0.5109776249085378,350018000000.0,26.670682432131407,0
MO,Consumer Staples,0.6232290353280873,0.1830611811961158,7.26,0.1709291668922976,20444000000.0,7.983582972126361,0
AMZN,Consumer Discretionary,0.1816969869393437,0.3210907562221428,0.0,0.389159020215557,637959000000.0,20.113511032685864,0
AMCR,Materials,0.0319871027887547,0.2289660346095884,6.24,-0.077057719596903,15009000000.0,19.34767956561086,0
AEE,Utilities,0.0586029413454914,0.1895287144810596,2.86,0.0771504843017414,7623000000.0,13.300479565856415,0
AEP,Utilities,0.0649028946108957,0.1964897372663102,3.29,0.113323733468454,19721300000.0,13.527554750138917,0
AWK,Utilities,0.059782663558907,0.2202946777249355,2.49,-0.0209995793413049,4684000000.0,15.388515523595506,0
AME,Industrials,0.1287414428492568,0.2102524050992362,0.61,0.1462707240379273,6941180000.0,22.61913073530148,0
AMGN,Health Care,0.1275804824082903,0.2480610374326928,2.98,0.1039636941700867,33424000000.0,16.45971037076969,0
APH,Information Technology,0.1959053734524278,0.2814246990532356,0.77,0.5212775513221437,15222700000.0,42.85669345399064,0
ADI,Information Technology,0.063354020434162,0.3285378562117071,1.44,0.2068203521948495,11019707000.0,27.825323981893437,0
APA,Energy,0.12847095851957,0.4373586810513798,4.2,-0.1542896102082595,9737000000.0,3.224406968854816,0
AAPL,Information Technology,0.8228358730470098,0.2587070859069031,0.38,0.2792426606159335,416161000000.0,28.18453853416973,0
AMAT,Information Technology,0.3560644991391422,0.4120823514683305,0.73,0.3596542570774956,28368000000.0,19.99881136441103,0
APP,Information Technology,0.4851104227296986,0.750028054423125,0.0,3.2079510663604958,4709248000.0,100.94597677367588,1
APTV,Consumer Discretionary,0.138418614400486,0.3568184841355195,0.0,-0.0591985736619615,19713000000.0,6.83012805561993,0
ADM,Consumer Staples,0.0705838630911683,0.2855319147259449,3.5,-0.1154639110021852,85530000000.0,8.836473946367626,0
T,Communication Services,0.0711279779349352,0.2334855805158954,4.58,0.1723691384707628,122336000000.0,7.489975159434112,0
ATO,Utilities,0.0590472192684083,0.1706530131100295,2.36,0.1724745777926835,4702755000.0,15.305331714516136,0
ADSK,Information Technology,0.3071622387262253,0.288399055712662,0.0,0.167421670129737,6131000000.0,41.24201316978696,0
ADP,Industrials,0.3720907549247871,0.1895725918535412,2.61,0.044122312214855,20560900000.0,16.969061377354922,0
AZO,Consumer Discretionary,0.3355061504918465,0.2163983357673787,0.0,0.1300404712291347,18938717000.0,16.219477140995487,0
AVY,Materials,0.1541058793830556,0.2191472941415991,2.05,0.0313612499472899,8755700000.0,12.557320812902292,0
AXON,Industrials,0.1480246176291406,0.451300832308407,0.0,0.5004053206242798,2082526000.0,100.9159337432241,1
BKR,Energy,0.1631591848920044,0.3052380320404871,2.07,0.1917631326721771,27829000000.0,10.31003100152207,0
BALL,Materials,0.0584188495458733,0.2766769898077669,1.53,0.0265516282427733,11795000000.0,14.52964773480663,0
BAX,Health Care,0.0063810391978122,0.3470801818237854,2.73,-0.2569253008165745,10636000000.0,15.915809949820789,0
BDX,Health Care,0.0506452135622945,0.2341580003873923,2.16,-0.0617965826143657,21840000000.0,15.121466679580308,0
BBY,Consumer Discretionary,0.1815918620007206,0.3473784114306763,5.3,0.0127211820600201,41528000000.0,8.160596716094032,0
TECH,Health Care,0.0362356632669755,0.3753560980963346,0.56,-0.1053683871491876,1219635000.0,42.17367667089337,0
BIIB,Health Care,0.0880510029374127,0.2692653456632226,0.0,-0.1583279373199495,9675900000.0,9.738781766389822,0
BA,Industrials,-0.2518991944003594,0.3346631818076642,0.0,0.0391703716254516,66517000000.0,-25.066817430775263,0
BSX,Health Care,0.0643856430376561,0.204178346299427,0.0,0.281529272084007,16747000000.0,39.80381477178423,0
BMY,Health Care,-0.1124691811362325,0.2593529505454606,4.73,-0.0594970236524136,48300000000.0,45.18740816161616,0
AVGO,Information Technology,0.0685237407452569,0.4743376818729016,0.79,0.8480220189416647,51574000000.0,6.90814868964362,0
BR,Industrials,0.1705806367924515,0.2001354731560136,1.72,0.2147355588125674,6889100000.0,19.4770223472204,0
BF-B,Consumer Staples,0.1539436494031226,0.2995809429981982,3.15,-0.2240515700706403,3975000000.0,12.167616496124031,0
BLDR,Industrials,0.1462147681516627,0.4365149016841237,0.0,0.1727950908850568,16400492000.0,7.632432787651274,0
BG,Consumer Staples,0.1133414095412113,0.2869174460195681,3.05,0.0137751498405793,53108000000.0,13.752771507917174,0
CHRW,Industrials,0.1621744416173112,0.3174727093193097,1.53,0.2403082137592029,17724956000.0,27.223975289083533,0
CDNS,Information Technology,0.2411794709024058,0.3412340903190539,0.0,0.2524770594824397,4641264000.0,51.18667499383562,0
CPB,Consumer Staples,0.0785755859977359,0.236603318432785,5.43,-0.1754345175083386,10253000000.0,9.96474359873016,0
CAH,Health Care,0.9239098597737342,0.2337064603323419,1.03,0.3876805385576893,222578000000.0,16.707074967160334,0
CCL,Consumer Discretionary,0.0994095021398775,0.467653979402969,0.0,0.5212718033709156,25021000000.0,10.16727708880681,0
CARR,Industrials,0.0750328630269038,0.3093699032153907,1.8,0.1021225310935685,22486000000.0,13.718198696035245,0
CAT,Industrials,0.2186851041169125,0.2901342814553908,1.07,0.3703610806242821,64809000000.0,18.68679888464896,0
CDW,Information Technology,0.1579959182540343,0.2808838252439094,1.76,-0.0590315972153808,20998700000.0,12.603266686058593,0
COR,Health Care,0.3863192475739591,0.1892796754197707,0.7,0.2805914082520493,321332819000.0,19.02690425770151,0
CNC,Health Care,0.1207576981790078,0.4076752562039315,0.0,-0.2168633325484853,163071000000.0,2.8597317367741937,0
CNP,Utilities,0.0544975601059932,0.189169929338621,2.41,0.1140805869724796,8643000000.0,13.357399777714122,0
CF,Materials,0.2408216753977175,0.307981176804902,2.55,-0.032709384403609,5936000000.0,5.87942499646143,0
CRL,Health Care,0.0219735595256198,0.4298534191891607,0.0,-0.0363986876001201,4049989000.0,20.66610893360154,0
CHTR,Communication Services,0.0895710535602219,0.3735556598314629,0.0,-0.1234768223345686,55085000000.0,5.981920950850308,0
CVX,Energy,0.1066116415529917,0.2241696242061321,4.63,-0.0046558671738208,193414000000.0,7.533840524807155,0
CMG,Consumer Discretionary,0.2034194639809484,0.3203494015154511,0.0,0.1000581830051194,11313853000.0,22.97903578169036,0
CHD,Consumer Staples,0.117619200614398,0.1947837243293061,1.39,0.0335273996646525,6107100000.0,20.65624181951577,0
CTAS,Industrials,0.2675917172212194,0.212011705603807,0.95,0.2079316997283546,10340181000.0,27.614925739632863,0
CSCO,Information Technology,0.1748155513976207,0.2079658657779765,2.13,0.2110643337315156,56654000000.0,20.50681844375645,0
CLX,Consumer Staples,0.2937591648393042,0.2287312028300474,4.99,-0.0875727080555287,7104000000.0,10.97157369530686,0
CMS,Utilities,0.0625294646757281,0.179259892692663,3.07,0.0810902060853135,7515000000.0,13.023125965483556,0
KO,Consumer Staples,0.2048950273517385,0.147772855716717,2.9,0.0703887098045936,47061000000.0,21.3100577535563,0
CTSH,Information Technology,0.1659145615274308,0.2354679506066025,1.48,0.1704800063425877,19736000000.0,11.104264113186192,0
CL,Consumer Staples,0.4292150731990013,0.177935505261186,2.68,0.0230230591278115,20101000000.0,14.420858856789614,0
CMCSA,Communication Services,0.1093547990841932,0.2513051763447946,4.36,-0.0066592094466755,123731000000.0,5.333661797123029,0
CAG,Consumer Staples,0.0927433663465256,0.2200893781564039,7.87,-0.183861883266072,11612800000.0,8.189031045991046,0
COP,Energy,0.1196727345602973,0.2896652754939824,3.64,-0.0251819268788445,54745000000.0,5.371393949477993,0
ED,Utilities,0.0584043294425359,0.1815439483282037,3.4,0.0538313839359712,15256000000.0,11.42042908029197,0
STZ,Consumer Staples,0.0104166446527256,0.2464713678324373,2.98,-0.1443530995750751,10208700000.0,44.81773584398812,0
CEG,Utilities,0.2242550307584004,0.4967939735543163,0.43,0.6188239163635028,23568000000.0,16.81211212519562,0
COO,Health Care,0.0414796764719084,0.2880379081484773,0.0,0.0142257216882817,4092400000.0,18.0415243452438,0
CPRT,Industrials,0.2128835066104834,0.2301283752162504,0.0,0.0919456219223677,4646958000.0,17.153892623549357,0
GLW,Information Technology,0.0488898251320099,0.2910048828432272,1.29,0.4401006658975688,13118000000.0,33.10331973033708,0
CTVA,Materials,0.0436461566581648,0.2714515923190628,1.08,0.0592605585693413,16908000000.0,17.285563296526508,0
COST,Consumer Staples,0.3544310314448623,0.1989978747589069,0.61,0.2500693166873455,275235000000.0,27.73693804567846,0
CTRA,Energy,0.081912397916857,0.2798440085252013,3.46,0.0542809050812664,5458000000.0,7.070384444981862,0
CSX,Industrials,0.1342960201144191,0.2195157310094908,1.42,0.0707356164421817,14540000000.0,12.401203090986517,0
CMI,Industrials,0.2700943053857,0.2678336192521547,1.6,0.3150237358397254,34102000000.0,11.868464388766172,0
CVS,Health Care,0.0453151673723645,0.3130882372232992,3.42,-0.0282903258113748,372809000000.0,12.365989896519013,0
DHR,Health Care,0.0639566357963339,0.2687079586539481,0.57,-0.0024857403490954,23875000000.0,24.06631708851017,0
DRI,Consumer Discretionary,0.1456477311212788,0.2374377378460774,3.11,0.1548506732158194,12076700000.0,16.168345099372942,0
DDOG,Information Technology,0.0574439295406116,0.4948054638143118,0.0,0.2215428774233405,2684275000.0,171.59158231337025,1
DVA,Health Care,0.1435294804889545,0.3232327892414059,0.0,0.1723368557274736,12815550000.0,8.130969386234632,0
DAY,Industrials,0.0146647913736521,0.3799824439019235,0.0,0.0314946301868752,1760000000.0,40.57264711111111,0
DECK,Consumer Discretionary,1.0755149243639013,0.4305516536705309,0.0,0.1811736220337356,4985612000.0,10.3333350242769,0
DELL,Information Technology,0.3011406353418044,0.4980595617551552,1.71,0.4995966221413888,95567000000.0,10.843929453103808,0
DAL,Industrials,0.114627704589584,0.3894451198238644,1.07,0.3000532891920071,61643000000.0,8.056194166203587,0
DVN,Energy,0.1426429101966541,0.3461522760547122,2.69,-0.120760793072393,15940000000.0,4.046709576547231,0
DXCM,Health Care,0.1448716140863581,0.4702276157167335,0.0,-0.1631637762666791,4033000000.0,26.392589210108916,0
FANG,Energy,0.0773576020597584,0.3249070449127823,2.72,0.0768417737473492,11023000000.0,8.480071213509621,0
DG,Consumer Staples,0.0559481061429387,0.395997176394135,1.73,-0.1580547347847881,40612308000.0,16.886602323275536,0
DLTR,Consumer Staples,0.1064775567602819,0.3854889018321595,0.0,-0.0309981994928996,17578500000.0,16.005237724479684,0
D,Utilities,0.0508733160090346,0.2293963152711873,4.44,0.0564761065494641,14459000000.0,15.553546380441263,0
DPZ,Consumer Discretionary,0.7080322194010392,0.2819169400152515,1.61,0.0815341953958028,4706416000.0,20.580761200099023,0
DASH,Consumer Discretionary,-0.0065972222222222,0.415095873073237,0.0,0.6529721597362037,10722000000.0,188.4546731319312,1
DOV,Industrials,0.1820731302278367,0.2403993278091402,1.06,0.1545522561239978,7745909000.0,12.762563075323817,0
DOW,Materials,0.0551570167017158,0.3318666627042476,6.08,-0.1772413063572224,42964000000.0,6.102936924410933,0
DHI,Consumer Discretionary,0.1240901138413309,0.3338511359127608,1.19,0.2104893554337359,34250400000.0,10.573321446911944,0
DTE,Utilities,0.0664738228892198,0.1835134294622487,3.41,0.0780081293616654,12457000000.0,12.89045762842339,0
DUK,Utilities,0.0563054651027521,0.1714662296393394,3.62,0.0975220330345942,30357000000.0,12.1698389896646,0
DD,Materials,0.0354672857708336,0.2879071666834844,3.53,0.1510764292404631,12386000000.0,8.984262697674419,0
ETN,Industrials,0.1407412997825744,0.3100539458063237,1.32,0.2877627777302962,24878000000.0,23.759832075485136,0
EBAY,Consumer Discretionary,0.2083710069178983,0.3063871451018707,1.39,0.2911380501054579,10283000000.0,14.529647312128626,0
ECL,Materials,0.1529511352555345,0.2019625956322905,1.11,0.2449482519885515,15741400000.0,21.00910366684863,0
EIX,Utilities,0.0638900830939113,0.2603666644011456,5.83,0.0226534858651701,17599000000.0,10.366604396170146,0
EW,Health Care,0.184740325687509,0.3207481433224123,0.0,0.0494255521550952,5439500000.0,26.77090070686553,0
EA,Communication Services,0.1873100560104615,0.2444312260640435,0.37,0.1982549547154461,7463000000.0,25.652594749876176,0
EME,Industrials,0.5186932538085987,0.3544700444458658,0.16,0.6186079593670419,14566116000.0,17.963692886580176,0
EMR,Industrials,0.0779516976649661,0.2654482215244988,1.69,0.1392692067772756,18016000000.0,17.806133908658815,0
ETR,Utilities,0.0441881847541124,0.2219301219772851,2.78,0.2221500986679896,11879653000.0,13.982853898260194,0
EOG,Energy,0.2382537430086856,0.2726258487329343,3.98,-0.0299582278691477,23378000000.0,4.835769345314506,0
EPAM,Information Technology,0.1690035366141579,0.4258983813534809,0.0,-0.1432350128938787,4727940000.0,15.413391646121411,0
EQT,Energy,0.0221402736046354,0.3651333038980613,1.23,0.160573301487414,5222192000.0,15.676787726945074,0
EFX,Industrials,0.0808261963800347,0.3119046700058998,0.91,0.0547509892240543,5681100000.0,18.379185601674223,0
EL,Consumer Staples,-0.0656036884064931,0.4463036959158922,1.3,-0.2165578659025846,14326000000.0,315.75536569863016,1
EVRG,Utilities,0.0592644672200537,0.1799516472458227,3.79,0.1060850127717698,5847300000.0,11.965057007874016,0
ES,Utilities,0.0351499301232431,0.2488931062804711,4.43,-0.0212693855237769,11900809000.0,13.369737291600057,0
EXC,Utilities,0.0577143993479309,0.1939383754144396,3.61,0.0586490143497018,23028000000.0,11.39225114617737,0
EXE,Energy,-0.0262459842254424,0.2913326171171291,2.96,0.0764912730784439,4221000000.0,29.587822145383104,0
EXPE,Consumer Discretionary,0.3634490352087766,0.4267160600600924,0.56,0.5026744463501975,13691000000.0,13.92614731454684,0
EXPD,Industrials,0.4696848732493638,0.2422160091095172,1.02,0.1316957396743936,10600515000.0,17.753840217776823,0
XOM,Energy,0.1266973616565392,0.2279818184961614,3.54,0.071305877133587,339247000000.0,7.193361107173549,0
FFIV,Information Technology,0.2701323559668655,0.2694772244242086,0.0,0.2237677745470276,3088072000.0,15.805173616705437,0
FICO,Information Technology,0.6364300156441112,0.3590723642362345,0.0,0.4455813041582399,1990869000.0,47.01345423120836,0
FAST,Industrials,0.300623914117792,0.2306666399863495,2.08,0.2425533965742032,7546000000.0,28.883980354861603,0
FSLR,Information Technology,0.1876684730632498,0.5639541236177498,0.0,0.1872051436480326,4206289000.0,14.418636485354035,0
FE,Utilities,0.0518210958438472,0.1870838390401393,3.99,0.0728487280253173,13472000000.0,12.97280967097246,0
F,Consumer Discretionary,0.0373146465520928,0.3510698441638097,4.5,0.1316315854340739,184992000000.0,12.981843295307671,0
FTV,Industrials,0.0727545119477764,0.2349599090112859,0.44,0.0494764128512896,6231800000.0,12.208202604573009,0
FOXA,Communication Services,0.184348390531115,0.2484308430315807,0.79,0.3615913480327217,16300000000.0,9.06816302624058,0
FOX,Communication Services,0.184348390531115,0.2464958025578806,0.88,0.339805389079316,16300000000.0,8.16274589763575,0
FCX,Materials,0.1960367229491055,0.4007268876641062,1.25,0.1024242017925454,25455000000.0,9.031561883595648,0
GRMN,Consumer Discretionary,0.2247722143090156,0.3090487350556311,1.78,0.3364648957665743,6296903000.0,20.605762255677163,0
IT,Information Technology,0.5899052316170819,0.3115948244188821,0.0,-0.0974695280779402,6267411000.0,11.278670865647529,0
GE,Industrials,0.3008289620302503,0.2858296627682867,0.48,0.8506187568654182,38702000000.0,33.42674390684372,0
GEHC,Health Care,0.1639753962516266,0.3204231972448966,0.17,0.1368637007387467,19672000000.0,12.15374818112384,0
GEV,Industrials,0.1233014935438283,0.5454137566568975,0.2,1.506012521715049,34935000000.0,102.31798027997566,1
GEN,Information Technology,0.1048423247233445,0.2940469807327389,1.81,0.1105028166249091,3935000000.0,12.417012880552813,0
GNRC,Industrials,0.1047599082900553,0.4667221911499525,0.0,0.143642982058761,4295834000.0,13.761169023384342,0
GD,Industrials,0.1323814374556342,0.1908068092889196,1.78,0.1380193486873511,47716000000.0,16.9001565354872,0
GIS,Consumer Staples,0.1118449781346626,0.2023258336443351,5.01,-0.1459091701621516,19486600000.0,9.955792230039767,0
GM,Consumer Discretionary,0.0376965732247466,0.3443395332086404,0.74,0.3337559904922798,187442000000.0,8.712391207869818,0
GPC,Consumer Discretionary,0.1019271280870466,0.2728701200467222,3.27,-0.0796593448137724,23486569000.0,13.983901131205702,0
GILD,Health Care,0.0321008663490723,0.2447224862759277,2.6,0.1586347809960506,28754000000.0,37.67982638881372,0
GDDY,Information Technology,0.2640802790325347,0.2751291498635226,0.0,0.2018296273499928,4573200000.0,18.892148275731824,0
HAL,Energy,0.1738079299198592,0.3634706604883954,2.48,-0.0660904720406938,22944000000.0,6.234529941633424,0
HAS,Consumer Discretionary,0.1368936894894603,0.336468823519475,3.41,0.1901644579618295,4135500000.0,16.200960436115842,0
HCA,Health Care,0.2025921052648604,0.2466685262538302,0.62,0.2617250773445032,70603000000.0,11.147103649971214,0
HSIC,Health Care,0.078702791101766,0.2588490747674632,0.0,-0.0154780319000784,12673000000.0,15.253470315789473,0
HSY,Consumer Staples,0.2521083809698357,0.2338714092231083,2.91,-0.0460540754808893,11202263000.0,13.769403304905287,0
HPE,Information Technology,0.0731260574215952,0.3791405246800178,2.38,0.1873926864670358,30127000000.0,10.08680004428628,0
HLT,Consumer Discretionary,0.2910585638557704,0.2260247340085897,0.21,0.3087860040482322,11174000000.0,31.304895026421136,0
HOLX,Health Care,0.115996860716613,0.2267590350913827,0.0,0.0073964887281225,4100500000.0,15.595499484564249,0
HD,Consumer Discretionary,0.2464186640528631,0.2171132593553052,2.59,0.0650867816554159,159514000000.0,16.38789287131199,0
HON,Industrials,0.1634168617317451,0.2059338654325863,2.31,0.0230715518531694,38498000000.0,15.782035976262364,0
HRL,Consumer Staples,0.0529308503651067,0.2478442479436859,4.88,-0.1640264571906498,12106160000.0,15.455765614867095,0
HWM,Industrials,0.1751770086590545,0.3078587517272889,0.22,0.7494486846636754,7430000000.0,44.70810239305103,0
HPQ,Information Technology,0.4462584111099577,0.3204424685454833,5.12,-0.0040027825190099,55295000000.0,6.938569076588548,0
HUBB,Industrials,0.1805223356820169,0.2987357400194675,1.31,0.2427314915930023,5628500000.0,19.04468381660471,0
HII,Industrials,0.0871544553447754,0.3194889184018311,1.71,0.1460877632023525,11535000000.0,14.355699488721804,0
IBM,Information Technology,0.1046463013545905,0.238294804994538,2.24,0.3430128407416237,62753000000.0,27.319332331143237,0
IEX,Industrials,0.104593598213202,0.2389383352653382,1.6,-0.0658273705098513,3268800000.0,17.012305143123108,0
IDXX,Health Care,0.3979219927929946,0.3493899481202701,0.0,0.2024084407298378,3897504000.0,44.50858058242039,0
ITW,Industrials,0.3552772056034034,0.1978561177552938,2.56,0.0744179603558523,15898000000.0,15.838323292735462,0
INCY,Health Care,0.1061062704100107,0.2970393437141553,0.0,0.0651256468014611,4241217000.0,39.72875539374458,0
IR,Industrials,0.0768753061824666,0.2797832956457463,0.1,0.1576586328909199,7235000000.0,19.08159467833698,0
PODD,Health Care,0.2077804035629885,0.3860883709967208,0.0,-0.0016059935502437,2071600000.0,49.377860033042246,0
INTC,Information Technology,-0.0721538374269669,0.5240735451846247,0.0,0.1203662077436753,53101000000.0,165.44273109226933,1
IFF,Materials,0.0225212699405692,0.3124059220592946,2.45,-0.1125738209135132,11484000000.0,14.300540635794745,0
IP,Materials,0.0448817672682016,0.3275739191709936,4.79,0.0824503647983918,18619000000.0,15.958171613177472,0
IQV,Health Care,0.1035131561993221,0.3173859489608883,0.0,0.0366310579664588,15405000000.0,14.854085282363162,0
JBHT,Industrials,0.1157493146079189,0.3209180838608515,0.9,0.0409781121750223,12087204000.0,12.845250414927513,0
JBL,Information Technology,0.2597666060844072,0.3807805170935258,0.15,0.4766839362961592,29802000000.0,14.607285277291302,0
J,Industrials,0.0813039477405509,0.2354899351519706,0.96,0.1165136525489825,12029783000.0,19.69812197777181,0
JNJ,Health Care,0.1749891497837592,0.1719660516526837,2.5,0.0919016932521441,88821000000.0,21.35156982526936,0
JCI,Industrials,0.0857301006695269,0.2755103996327876,1.36,0.2526325698958729,23596000000.0,27.047733274093435,0
KVUE,Consumer Staples,0.0775960875881071,0.2989539312469542,4.85,-0.1265589253133207,15455000000.0,16.503330022690438,0
KDP,Consumer Staples,0.0486346738109473,0.2099745679291636,3.27,-0.0571815972754971,15351000000.0,16.644052399763453,0
KEYS,Information Technology,0.1394196380173816,0.3140309767720004,0.0,0.0522131608517395,5375000000.0,24.115912715268227,0
KMB,Consumer Staples,0.3489627742768704,0.1960206005886984,4.97,-0.0573733133076336,20058000000.0,10.192797152337858,0
KMI,Energy,0.0563497251695791,0.2069756052631881,4.44,0.2115308425042763,15100000000.0,13.73333116770555,0
KLAC,Information Technology,0.4971245614197189,0.4053054843641035,0.62,0.4891168031521524,12156162000.0,30.33631430175284,0
KHC,Consumer Staples,0.0261075014766686,0.2095485022081533,6.46,-0.1055575196130884,25846000000.0,17.482501655375554,0
KR,Consumer Staples,0.103093871060379,0.2273183424759418,2.23,0.1484056483348668,147123000000.0,8.92643890590237,0
LHX,Industrials,0.0690885904084451,0.2141963702549381,1.7,0.1365616033104022,21325000000.0,18.08103916877281,0
LH,Health Care,0.0658604846462443,0.2175292034243782,1.14,0.1001279260699923,13008900000.0,14.84822387456523,0
LRCX,Information Technology,0.6936712183524332,0.4321272911808909,0.63,0.5733739892110101,18435591000.0,31.376866536688,0
LW,Consumer Staples,0.0805354704770988,0.3859093003622872,2.49,-0.104152855131638,6451300000.0,11.337667663621108,0
LVS,Consumer Discretionary,0.18495679805882,0.3350939818469665,1.49,0.1485624506781557,11298000000.0,14.312835125030826,0
LDOS,Industrials,0.1596245622539637,0.2585654119021603,0.95,0.2171309897070032,16662000000.0,12.943486431668235,0
LEN,Consumer Discretionary,0.1366995147565219,0.3152172487977731,1.85,0.0908827622407895,35441452000.0,4.791057775640363,0
LII,Industrials,0.4380653371064869,0.3100799555105872,1.05,0.2790819187300182,5341300000.0,16.44943115975287,0
LLY,Health Care,0.2522424406391556,0.335281712229572,0.59,0.448371798995032,45042700000.0,64.29343871391421,1
LIN,Materials,0.1242631429319469,0.1801760153098777,1.43,0.1008004923632446,33005000000.0,17.025002939233406,0
LYV,Communication Services,0.4534427429583159,0.3014617181635053,0.0,0.2675281202946404,23155625000.0,22.50172871679534,0
LKQ,Consumer Discretionary,0.0765746317233937,0.2874719716228001,4.04,-0.151354056626587,14355000000.0,7.898641003690037,0
LMT,Industrials,0.2580746855220148,0.2086483322781109,2.94,0.0193166181372055,71043000000.0,14.464929905842316,0
LOW,Consumer Discretionary,0.3409539724539287,0.2323703097026064,1.94,0.090030650263132,83674000000.0,14.531498565055172,0
LULU,Consumer Discretionary,0.4507824489619142,0.4108149514312961,0.0,-0.1216246212114621,10588126000.0,8.793591731784307,0
LYB,Materials,0.0805081793763,0.2963644602903976,12.73,-0.1312897370386126,40302000000.0,7.073724414864115,0
MPC,Energy,0.1427385370918766,0.3159743735241653,2.38,0.1741770988926139,138864000000.0,8.382879317864553,0
MAR,Consumer Discretionary,0.2445660708323102,0.2512626671233277,0.87,0.2799919869430938,25100000000.0,22.716389562010143,0
MLM,Materials,0.1457420927915319,0.2394802954194931,0.53,0.2338766354036614,6536000000.0,13.08702677052127,0
MAS,Industrials,0.4124031007751937,0.2783678738428531,1.9,0.1363063898091652,7828000000.0,11.619192919148936,0
MTCH,Communication Services,0.2400062425133231,0.3839632008896444,2.33,-0.0616772046385071,3479373000.0,11.326626283855212,0
MKC,Consumer Staples,0.0916229758157829,0.2344681301444781,2.8,-0.0404798577512474,6723700000.0,17.21777323509305,0
MCD,Consumer Discretionary,0.2001663578763726,0.1682609440717778,2.33,0.0886333511888706,25920000000.0,20.15092686664755,0
MDT,Health Care,0.0713080791936935,0.2038112092511486,2.88,0.1219695391797233,33537000000.0,15.971984524191798,0
MRK,Health Care,0.259686208743074,0.2383946471961457,3.38,0.0027144317808611,64168000000.0,10.625217757721932,0
META,Communication Services,0.3354009760683846,0.3829828744889274,0.32,0.8055251660842158,164501000000.0,19.35375181546112,0
MTD,Health Care,0.5062524798952399,0.3129298821954918,0.0,-0.0020441291320726,3872361000.0,24.740649201060663,0
MGM,Consumer Discretionary,0.0461545005112044,0.3659969749869255,0.0,0.0243771477649443,17240545000.0,16.731152319653155,0
MCHP,Information Technology,0.0145480969204941,0.4494471160273946,2.84,-0.0121557940409779,4401600000.0,38.25156133794695,0
MU,Information Technology,0.1496875243225643,0.5116051539010263,0.19,0.7003068654856799,37378000000.0,15.242426207001028,0
MSFT,Information Technology,0.2776607583504746,0.2330868480216384,0.75,0.2738112554541145,281724000000.0,22.573502745693503,0
MRNA,Health Care,-0.3638829412125898,0.58465625838174,0.0,-0.4550710007710914,3199000000.0,-2.451835851502652,0
MHK,Consumer Discretionary,0.0585166851393742,0.3764309144286007,0.0,0.0471068737704083,10836900000.0,6.449670300120048,0
MOH,Health Care,0.4290491795729788,0.4058068964729308,0.0,-0.2122797340281632,40650000000.0,1.990918085578447,0
TAP,Consumer Staples,0.075096083473344,0.2420354915466075,3.94,0.0048896573107204,11627000000.0,5.994914274488233,0
MDLZ,Consumer Staples,0.1178715777161642,0.1908705710847393,3.65,-0.0344256965539941,36441000000.0,11.312580559534137,0
MPWR,Information Technology,0.2186357509855386,0.5386576623149294,0.67,0.3856766773759963,2207100000.0,75.16302416861761,1
MNST,Consumer Staples,0.3051382858531325,0.2261483604815445,0.0,0.1462760725123495,7492709000.0,35.41354688650081,0
MOS,Materials,0.0208973523889804,0.3630346453229335,3.67,-0.1635123847444505,11122800000.0,7.90126196193265,0
MSI,Information Technology,0.295620646132988,0.1996881832345562,1.3,0.1499368776826322,10817000000.0,27.39426200537841,0
NTAP,Information Technology,0.6936185502550939,0.3190030345212633,1.88,0.2611480159462021,6572000000.0,12.783828071005916,0
NFLX,Communication Services,0.2871910206226415,0.3413551239757032,0.0,0.4851696139521448,39000966000.0,15.431134571046483,0
NEM,Materials,0.0975182630773772,0.3687763092937884,1.01,0.3333927103262344,18682000000.0,14.3829788565356,0
NWSA,Communication Services,0.0720833348363106,0.2432023913167006,0.76,0.1565571446182994,8452000000.0,11.34797668409894,0
NWS,Communication Services,0.0720833348363106,0.2464677216754928,0.67,0.1999115853603466,8452000000.0,12.752741133568904,0
NEE,Utilities,0.0596233318718905,0.2722521685549565,2.8,0.0184999166938291,24753000000.0,19.2065126487565,0
NKE,Consumer Discretionary,0.1829409810086138,0.3424043770597936,2.5,-0.1247381597706392,46309000000.0,22.18106062616408,0
NI,Utilities,0.0571564623345828,0.1915875813117661,2.7,0.1936167465506091,5455100000.0,14.651272903351368,0
NDSN,Industrials,0.1131592049279529,0.2518523207817542,1.38,0.0198464971124774,2791687000.0,17.93649605374463,0
NSC,Industrials,0.108071940292775,0.2443852969805637,1.85,0.0820309529149481,12123000000.0,14.880988134815084,0
NOC,Industrials,0.1710269871671525,0.2291120550435906,1.65,0.0339032697412089,41033000000.0,13.613347986870272,0
NCLH,Consumer Discretionary,0.1060420376076618,0.5039374491023985,0.0,0.1659877486899217,9479651000.0,10.035843233310956,0
NRG,Utilities,0.1304314036454455,0.4114830257979424,1.14,0.7475489234971548,28130000000.0,11.89894900742433,0
NUE,Materials,0.1055980632899083,0.342550611768319,1.42,0.0780766669646677,30734000000.0,9.226429004012484,0
NVDA,Information Technology,0.902308853369356,0.5057110495771139,0.02,1.2122081030304748,130497000000.0,48.54842848169776,1
NVR,Consumer Discretionary,0.6504918753793287,0.2464975867322793,0.0,0.1737392981484422,10543571000.0,9.53454192325912,0
NXPI,Information Technology,0.169469978460234,0.384857325261885,1.83,0.1365291144696829,12614000000.0,14.598567308909995,0
ORLY,Consumer Discretionary,0.3989489314351886,0.2007398523747622,0.0,0.1911249309764171,16708479000.0,22.97288256239972,0
OXY,Energy,0.063115266037591,0.2939516899114275,2.42,-0.1258555527168015,26725000000.0,5.441614569435638,0
ODFL,Industrials,0.2827128186232122,0.3546242936478914,0.71,0.0359063655268361,5814810000.0,17.447006893970574,0
OMC,Communication Services,0.2598854896444587,0.2617176562196757,3.55,0.0527795549236174,15689100000.0,7.773585257601836,0
ON,Information Technology,0.1718738749617556,0.5093686348015923,0.0,-0.0540273035139904,7082300000.0,8.906726708094077,0
OKE,Energy,0.0857811184569844,0.25615849003985,5.75,0.0985290825788698,21698000000.0,11.748089614512471,0
ORCL,Information Technology,0.1370069371413866,0.4352032498114271,1.11,0.3254915993802902,57399000000.0,26.334876392104384,0
OTIS,Industrials,1.094231494637505,0.2051568627863519,1.92,0.0564465449102158,14261000000.0,18.739104573476705,0
PCAR,Industrials,0.1431277981073763,0.261278243169529,1.18,0.231503538993357,33663800000.0,11.26841236775515,0
PKG,Materials,0.1288674966543331,0.2407413354704689,2.45,0.1985173144937266,8383300000.0,13.401137084712516,0
PLTR,Information Technology,0.0944397417266058,0.6691883637478507,0.0,2.094699607678122,2865507000.0,1276.2821245533496,1
PANW,Information Technology,0.192611152822719,0.3913553487425706,0.0,0.3533525793866101,9221500000.0,64.80029002782071,1
PSKY,Communication Services,-0.1730506703395633,0.5672204620664771,1.54,-0.067032406815187,29213000000.0,-5.4864934464974615,0
PH,Industrials,0.1726105781457133,0.284652260836721,0.83,0.4733705535935035,19850000000.0,22.01599622349253,0
PAYX,Industrials,0.231008835509199,0.2182467966762782,3.78,0.0270760548883401,5571700000.0,17.85169770354906,0
PAYC,Industrials,0.4013599714799623,0.4312541670014682,0.91,-0.1855922808152919,1883200000.0,10.937146075410247,0
PNR,Industrials,0.1348418531429063,0.2708632190028354,1.04,0.3498489285657948,4082800000.0,20.04681723891118,0
PEP,Consumer Staples,0.1902672990697819,0.1827923611743017,3.81,-0.0312732135005306,91854000000.0,14.783128986091128,0
PFE,Health Care,0.0736958669575423,0.2420092032962905,6.87,-0.1666745034665859,63627000000.0,10.46047945275004,0
PCG,Utilities,0.0612550255847953,0.2415771472890892,1.26,0.0023957638191498,24419000000.0,10.049302726968174,0
PM,Consumer Staples,0.3534926513302168,0.2136430176209198,3.74,0.2176888087512827,37878000000.0,18.59698123106229,0
PSX,Energy,0.0643967168329748,0.3030625971020214,3.72,0.127322328235804,143153000000.0,12.213735447953216,0
PNW,Utilities,0.0531978146586198,0.1880489002547214,4.11,0.0932638479507552,5124915000.0,12.007147454732962,0
POOL,Consumer Discretionary,0.1915256585700041,0.3127996619403342,2.12,-0.0722722296787136,5310953000.0,15.189270751563717,0
PPG,Materials,0.1306623379449543,0.2448426108799587,2.76,-0.0438345809009952,15845000000.0,11.31605564410058,0
PPL,Utilities,0.048246257201544,0.1772708704041555,3.14,0.0984119253478648,8462000000.0,13.59138521332918,0
PG,Consumer Staples,0.2154482828555587,0.1637453919464987,2.9,0.0144104042743371,84284000000.0,15.294823241168848,0
PEG,Utilities,0.1845818909267088,0.2001280289319243,3.12,0.1461856942196568,10290000000.0,15.705808273334984,0
PTC,Information Technology,0.1587157475802228,0.2608392254933048,0.0,0.1288992314783379,2739226000.0,19.59753218931108,0
PHM,Consumer Discretionary,0.2416042026270077,0.3206713978683136,0.85,0.4052447008075917,17946950000.0,5.965623096456616,0
PWR,Industrials,0.0979085095273432,0.3380631782426488,0.1,0.4406651753834454,23672795000.0,31.635828722614654,0
QCOM,Information Technology,0.262196281601469,0.3626433961473754,2.04,0.1838428696494207,44284000000.0,12.86392136003751,0
DGX,Health Care,0.0807668266618945,0.2062864791766152,1.82,0.0734307262742823,9872000000.0,13.548227176346357,0
RL,Consumer Discretionary,0.233154616785883,0.3371501841112073,0.99,0.5652272810741288,7079000000.0,19.48895114624506,0
RTX,Industrials,0.0677881962238641,0.2326124831987795,1.53,0.2516614072498935,80738000000.0,22.004169726692208,0
REGN,Health Care,0.1509498977953956,0.3037307998684608,0.47,0.0145494733964166,14202000000.0,13.365765584054156,0
RSG,Industrials,0.1028083096049164,0.1645336727244821,1.17,0.1964271505113903,16032000000.0,16.719756571188224,0
RMD,Health Care,0.2511360724500488,0.323374313164728,0.99,0.0607547959903689,5146327000.0,18.129440520381344,0
RVTY,Health Care,0.0375695672558463,0.329600823498453,0.29,-0.1119698353788816,2755026000.0,15.889444802934356,0
ROK,Industrials,0.1282628197465599,0.3108694212311729,1.41,0.1814021519151327,8342000000.0,33.76578911587983,0
ROL,Industrials,0.2370891162699409,0.2185813062324427,1.21,0.1933594295895822,3388708000.0,38.84513624344629,0
ROP,Information Technology,0.0665476393020575,0.1835665098952683,0.81,0.0270786443118558,7039200000.0,18.96085732034746,0
ROST,Consumer Discretionary,0.3310378625047933,0.2273909437861261,0.89,0.1803844292163852,21129219000.0,18.41833362480485,0
RCL,Consumer Discretionary,0.160278621182354,0.3891828486916959,1.22,0.7851185875433093,16485000000.0,16.25332501659274,0
CRM,Information Technology,0.1002394828507002,0.3268890979501531,0.65,0.2659093945876118,37895000000.0,21.7102615180831,0
SLB,Energy,0.1683188501179802,0.3267418418898787,2.99,-0.0623725664233151,36289000000.0,8.358198918329409,0
STX,Information Technology,0.4877197765444844,0.4093667497634379,1.01,0.8546570202915651,9097000000.0,31.77024976115108,0
SRE,Utilities,0.043206756944909,0.2347234225051047,2.96,0.0720222696346293,13185000000.0,17.637859087919942,0
NOW,Information Technology,0.1506686718797563,0.3557795092818225,0.0,0.262349637044635,10984000000.0,67.17067924645161,1
SHW,Materials,0.1907008835257796,0.2363394716724188,0.97,0.1202471404652736,23098500000.0,21.003647814761216,0
SWKS,Information Technology,0.0865074339943674,0.4019933919132868,4.41,-0.0823855866618896,4086900000.0,9.261662061369,0
SJM,Consumer Staples,-0.0477770356603554,0.2426350654629069,4.38,-0.1055846702964823,8726100000.0,-119.5797585604113,0
SW,Materials,0.0216279069767441,0.405597367404614,4.46,0.0592760490451136,21109000000.0,13.101942207924676,0
SNA,Industrials,0.2079287121214756,0.2339653429749608,2.82,0.1873078894717117,5108400000.0,11.694478637469588,0
SOLV,Health Care,0.0752385941587648,0.3259498545547153,0.0,0.0049040699853719,8254000000.0,11.453011489194498,0
SO,Utilities,0.065992860038728,0.1777597310680159,3.39,0.1223157027566477,26724000000.0,12.820317867955884,0
LUV,Industrials,0.0579323499655241,0.3729443549013519,1.77,0.062648220712119,27483000000.0,9.438528596192793,0
SWK,Industrials,0.0504604679718944,0.3750524948813874,4.55,0.0317722347938334,15365700000.0,13.601872428528438,0
SBUX,Consumer Discretionary,0.1476619896371203,0.3191497584052054,2.77,-0.0073237464615294,37184400000.0,25.89463266934915,0
STLD,Materials,0.1377007683988597,0.3529963305739639,1.15,0.2172814057553367,17540390000.0,11.310770868122638,0
STE,Health Care,0.078502881594998,0.2371090896347007,1.0,0.1275259498636602,5459515000.0,19.461330715111615,0
SYK,Health Care,0.1307837956159373,0.2137779047442926,1.0,0.1508724229432643,22595000000.0,26.037022275717284,0
SMCI,Information Technology,0.1872776588145976,0.9536260178911588,0.0,0.5565453153810227,21972042000.0,13.90229617102298,0
SNPS,Information Technology,0.2504028968990981,0.4173753321019228,0.0,0.1236255072274545,6127436000.0,52.351900880870936,0
SYY,Consumer Staples,0.1513573883371414,0.1937811109054992,2.88,0.0148665206036802,81370000000.0,12.022751319148936,0
TMUS,Communication Services,0.0820313181110395,0.2159030492811503,2.04,0.1359919990697056,81400000000.0,11.01808218748792,0
TTWO,Communication Services,-0.900275178952008,0.2775060540102709,0.0,0.3597389352071189,5633600000.0,-15.763440467145449,0
TPR,Consumer Discretionary,0.0698928996731149,0.3757197149499385,1.28,0.5619811471878053,7010700000.0,55.31758881458966,1
TRGP,Energy,0.12984875559442,0.2913115006241409,2.24,0.4060485094068127,16381500000.0,13.51005800106584,0
TGT,Consumer Staples,0.1481109918016788,0.3407405835225839,4.6,-0.0877545416946645,106566000000.0,7.107300811279325,0
TEL,Information Technology,0.1147871720116618,0.2470973137649776,1.26,0.2716526126331147,17262000000.0,17.41829220684632,0
TDY,Information Technology,0.075451986821975,0.2206803627129577,0.0,0.0898023788609665,5670000000.0,19.67503577238263,0
TER,Information Technology,0.2359894055232586,0.4656130021442757,0.25,0.2984125033925013,2819880000.0,40.68339106570874,0
TSLA,Consumer Discretionary,0.1055653173611608,0.6138765785421206,0.0,0.4797796486273806,97690000000.0,107.4577234223552,1
TXN,Information Technology,0.1921709050698667,0.3125138490918596,3.22,0.0482707137041305,15641000000.0,22.404228124651905,0
TPL,Energy,0.5541169982801368,0.4438354931503958,0.71,0.0396761890052097,705823000.0,35.55175207513734,0
TXT,Industrials,0.0973010525184132,0.2509617326434505,0.09,0.084269930568483,13702000000.0,12.799344697609,0
TMO,Health Care,0.0994160717166662,0.255593159659879,0.31,0.0229896910649938,42879000000.0,21.11525462332033,0
TJX,Consumer Discretionary,0.3107489590296529,0.1701127477938381,1.1,0.2755746706453301,56360000000.0,23.56037373561269,0
TKO,Communication Services,0.0257662504976636,0.3434020689260997,1.47,0.4708329822169574,2804341000.0,37.720390059543966,0
TTD,Communication Services,0.1749484743810148,0.5934325986392617,0.0,-0.0548029623628606,2444831000.0,32.961336688318625,0
TSCO,Consumer Discretionary,0.1536670801623039,0.2558580115422597,1.76,0.0929285495434615,14883231000.0,17.33385483006684,0
TT,Industrials,0.2638232945186516,0.263543427626969,0.98,0.3326185835630133,19838200000.0,23.040832019898435,0
TDG,Industrials,0.188990646508761,0.2445988946547593,0.0,0.3504043772996454,8831000000.0,21.540713359019264,0
TRMB,Information Technology,0.2411508119906027,0.3036772712600576,0.0,0.1733623207934824,3683300000.0,8.662442820578889,0
TYL,Information Technology,0.0816826866495892,0.2614971587095407,0.0,0.1254763842891211,2137803000.0,41.34979731470822,0
TSN,Consumer Staples,0.0312631280624551,0.2428643504566336,3.5,0.0208323905623901,54441000000.0,11.311904459092672,0
UBER,Industrials,0.1734910977567093,0.3823991186553673,0.0,0.4749620884324486,43978000000.0,31.728375110120705,0
ULTA,Consumer Discretionary,0.3236043825631343,0.3365177816173184,0.0,0.1052276846380428,11295654000.0,15.561176254251093,0
UNP,Industrials,0.1597246807719449,0.2191338268355576,2.35,0.0684110572536209,24250000000.0,13.728333862129846,0
UAL,Industrials,0.1121030545379318,0.4675404629762277,0.0,0.4397163960532528,57063000000.0,6.416431235584843,0
UPS,Industrials,0.178025028873888,0.2785489263643326,6.43,-0.1270060253494496,91070000000.0,9.147201498363682,0
URI,Industrials,0.1350607508328088,0.3677590127460105,0.89,0.3321271998722435,15345000000.0,9.401008728731023,0
UNH,Health Care,0.126226914902702,0.3383799672597521,2.69,-0.1289372825816311,400278000000.0,12.70800252115686,0
UHS,Health Care,0.1135060076557754,0.2899266816127125,0.36,0.1933449809418295,15827935000.0,8.461702274332533,0
VLO,Energy,0.1101435493986108,0.3332657274757883,2.79,0.1410781918449248,129881000000.0,8.281480232214001,0
VLTO,Industrials,0.2482923741791264,0.2253461155624483,0.52,0.1288272483746799,5193000000.0,20.45178025998434,0
VRSK,Industrials,0.3427886290632186,0.2146930520564611,0.82,0.0878083627853769,2881700000.0,20.03716613585679,0
VZ,Communication Services,0.0878609101446591,0.2182439275685018,6.83,0.1016656949744558,134788000000.0,7.138189532659933,0
VRTX,Health Care,0.0123227491813532,0.2794429157802387,0.0,0.1542439320062838,11020100000.0,224.25772667077936,1
VTRS,Health Care,-0.0022728260667068,0.3060039428469924,4.02,0.0791944083142075,14739300000.0,9.702352068085109,0
VST,Utilities,0.1613498648992825,0.5319844030297762,0.55,0.9417286619656224,17224000000.0,10.882510912174787,0
VMC,Materials,0.0799905973615261,0.2357844484397375,0.68,0.1903643383403945,7417700000.0,21.637785848142165,0
GWW,Industrials,0.37207442994407,0.2368069871683666,0.89,0.2322825782043596,17168000000.0,17.619910757763975,0
WAB,Industrials,0.0912161807197268,0.2363119847691788,0.47,0.2990650513452286,10387000000.0,20.162538233816424,0
WMT,Consumer Staples,0.1565704447348795,0.1989201826014337,0.82,0.3592745223208886,680985000000.0,23.315264265079744,0
DIS,Communication Services,0.0926863959315938,0.2752703922238693,1.34,0.1014853272898912,94425000000.0,12.757497767514758,0
WBD,Communication Services,-0.1373442767111241,0.553419117279053,0.0,0.4419126033931262,39321000000.0,8.516954741991043,0
WM,Industrials,0.1014461922024166,0.1779595107184672,1.51,0.1328110497638241,22063000000.0,17.577405844061364,0
WAT,Health Care,0.2225553061548404,0.3367283187652124,0.0,0.0373550266600517,2958387000.0,22.659505404440495,0
WEC,Utilities,0.0682888418961103,0.1799646237141605,3.62,0.0756257090272718,8599900000.0,14.261030261739997,0
WST,Health Care,0.1921796754910333,0.4285475349400832,0.33,0.0589964170590275,2893200000.0,25.544853491060625,0
WSM,Consumer Discretionary,0.475755880255852,0.4376694933194223,1.39,0.517394869024822,7711541000.0,13.968209408995016,0
WMB,Energy,0.0869343227126159,0.2230590916590695,3.41,0.2796390896407585,10503000000.0,15.516623208403104,0
WDAY,Information Technology,0.0571259062761491,0.3310461214208599,0.0,0.0868387141305377,8446000000.0,50.37573129499072,0
WYNN,Consumer Discretionary,0.139163798795591,0.348439394731652,0.79,0.1693155572259912,7127961000.0,11.296760028994782,0
XEL,Utilities,0.0548122136788359,0.2062758680901677,3.1,0.0555345044228241,13441000000.0,13.95872697120372,0
XYL,Industrials,0.0795144907238228,0.2305565175209822,1.17,0.0934412734822844,8562000000.0,20.328285901949204,0
YUM,Consumer Discretionary,0.4645573032531602,0.1940578899587642,1.84,0.0850890122462888,7549000000.0,21.213687213728548,0
ZBRA,Information Technology,0.1260341763798249,0.3970614078766074,0.0,0.0122262984611005,4981000000.0,15.05800414941302,0
ZBH,Health Care,0.0603710873954713,0.2468538281098957,1.06,-0.0951534590946933,7678600000.0,11.042699720111957,0
ZTS,Health Care,0.280748568793493,0.2649975808713228,1.73,-0.0399433509286374,9256000000.0,15.38404686692607,0
